INSERT INTO lic.sys_permission (id, create_at, update_at, css, href, name, parent_id, permission, sort, type) VALUES (1, null, null, 'fa-users', '', '用户管理', 0, '', 1, 1);
INSERT INTO lic.sys_permission (id, create_at, update_at, css, href, name, parent_id, permission, sort, type) VALUES (2, null, null, 'fa-user', 'pages/user/userList.html', '用户查询', 1, '', 2, 1);
INSERT INTO lic.sys_permission (id, create_at, update_at, css, href, name, parent_id, permission, sort, type) VALUES (3, null, null, '', '', '查询', 2, 'sys:user:query', 100, 2);
INSERT INTO lic.sys_permission (id, create_at, update_at, css, href, name, parent_id, permission, sort, type) VALUES (4, null, null, '', '', '新增', 2, 'sys:user:add', 100, 2);
INSERT INTO lic.sys_permission (id, create_at, update_at, css, href, name, parent_id, permission, sort, type) VALUES (6, null, null, 'fa-pencil-square-o', 'pages/user/changePassword.html', '修改密码', 0, 'sys:user:password', 4, 1);
INSERT INTO lic.sys_permission (id, create_at, update_at, css, href, name, parent_id, permission, sort, type) VALUES (7, null, null, 'fa-gears', '', '系统设置', 0, '', 5, 1);
INSERT INTO lic.sys_permission (id, create_at, update_at, css, href, name, parent_id, permission, sort, type) VALUES (8, null, null, 'fa-cog', 'pages/menu/menuList.html', '菜单', 7, '', 6, 1);
INSERT INTO lic.sys_permission (id, create_at, update_at, css, href, name, parent_id, permission, sort, type) VALUES (9, null, null, '', '', '查询', 8, 'sys:menu:query', 100, 2);
INSERT INTO lic.sys_permission (id, create_at, update_at, css, href, name, parent_id, permission, sort, type) VALUES (10, null, null, '', '', '新增', 8, 'sys:menu:add', 100, 2);
INSERT INTO lic.sys_permission (id, create_at, update_at, css, href, name, parent_id, permission, sort, type) VALUES (11, null, null, '', '', '删除', 8, 'sys:menu:del', 100, 2);
INSERT INTO lic.sys_permission (id, create_at, update_at, css, href, name, parent_id, permission, sort, type) VALUES (12, null, null, 'fa-user-secret', 'pages/role/roleList.html', '角色', 7, '', 7, 1);
INSERT INTO lic.sys_permission (id, create_at, update_at, css, href, name, parent_id, permission, sort, type) VALUES (13, null, null, '', '', '查询', 12, 'sys:role:query', 100, 2);
INSERT INTO lic.sys_permission (id, create_at, update_at, css, href, name, parent_id, permission, sort, type) VALUES (14, null, null, '', '', '新增', 12, 'sys:role:add', 100, 2);
INSERT INTO lic.sys_permission (id, create_at, update_at, css, href, name, parent_id, permission, sort, type) VALUES (15, null, null, '', '', '删除', 12, 'sys:role:del', 100, 2);
INSERT INTO lic.sys_permission (id, create_at, update_at, css, href, name, parent_id, permission, sort, type) VALUES (19, null, null, 'fa-eye', 'druid/index.html', '数据源监控', 0, '', 9, 1);
INSERT INTO lic.sys_permission (id, create_at, update_at, css, href, name, parent_id, permission, sort, type) VALUES (20, null, null, 'fa-file-pdf-o', 'doc.html', '接口knife4j', 0, '', 10, 1);
INSERT INTO lic.sys_permission (id, create_at, update_at, css, href, name, parent_id, permission, sort, type) VALUES (22, null, null, 'fa-book', 'pages/notice/noticeList.html', '公告管理', 0, '', 12, 1);
INSERT INTO lic.sys_permission (id, create_at, update_at, css, href, name, parent_id, permission, sort, type) VALUES (23, null, null, '', '', '查询', 22, 'notice:query', 100, 2);
INSERT INTO lic.sys_permission (id, create_at, update_at, css, href, name, parent_id, permission, sort, type) VALUES (24, null, null, '', '', '添加', 22, 'notice:add', 100, 2);
INSERT INTO lic.sys_permission (id, create_at, update_at, css, href, name, parent_id, permission, sort, type) VALUES (25, null, null, '', '', '删除', 22, 'notice:del', 100, 2);
INSERT INTO lic.sys_permission (id, create_at, update_at, css, href, name, parent_id, permission, sort, type) VALUES (37, null, null, 'fa-reddit', 'pages/dict/dictList.html', '字典管理', 0, '', 17, 1);
INSERT INTO lic.sys_permission (id, create_at, update_at, css, href, name, parent_id, permission, sort, type) VALUES (38, null, null, '', '', '查询', 37, 'dict:query', 100, 2);
INSERT INTO lic.sys_permission (id, create_at, update_at, css, href, name, parent_id, permission, sort, type) VALUES (39, null, null, '', '', '新增', 37, 'dict:add', 100, 2);
INSERT INTO lic.sys_permission (id, create_at, update_at, css, href, name, parent_id, permission, sort, type) VALUES (40, null, null, '', '', '删除', 37, 'dict:del', 100, 2);
INSERT INTO lic.sys_permission (id, create_at, update_at, css, href, name, parent_id, permission, sort, type) VALUES (41, '2020-10-11 12:10:24', '2020-12-20 02:05:18', 'fa-file', 'pages/file/file-list.html', '文件系统', 0, '', 100, 1);
INSERT INTO lic.sys_permission (id, create_at, update_at, css, href, name, parent_id, permission, sort, type) VALUES (43, '2020-12-20 02:07:15', '2020-12-20 02:07:15', 'fa-share-alt', 'pages/file/share.html', '我的分享', 0, '', 100, 1);
INSERT INTO lic.sys_permission (id, create_at, update_at, css, href, name, parent_id, permission, sort, type) VALUES (44, '2020-12-21 13:48:43', '2020-12-21 13:48:54', 'fa-archive', 'pages/file/recycle.html', '文件回收站', 0, '', 99, 1);
INSERT INTO lic.sys_permission (id, create_at, update_at, css, href, name, parent_id, permission, sort, type) VALUES (45, '2020-12-21 13:48:43', '2020-12-21 13:48:43', null, 'share.html', '分享', 0, null, 15, 1);
INSERT INTO lic.sys_role (id, create_at, update_at, description, name) VALUES (1, '2020-10-24 15:24:36', '2020-10-24 15:24:32', '管理员', 'ADMIN');
INSERT INTO lic.sys_role (id, create_at, update_at, description, name) VALUES (2, '2020-10-24 15:24:37', '2020-10-24 15:24:35', '', 'USER');
INSERT INTO lic.sys_role_permission (id, create_at, update_at, permission_id, role_id) VALUES (25, null, null, 1, 2);
INSERT INTO lic.sys_role_permission (id, create_at, update_at, permission_id, role_id) VALUES (26, null, null, 2, 2);
INSERT INTO lic.sys_role_permission (id, create_at, update_at, permission_id, role_id) VALUES (27, null, null, 3, 2);
INSERT INTO lic.sys_role_permission (id, create_at, update_at, permission_id, role_id) VALUES (28, null, null, 4, 2);
INSERT INTO lic.sys_role_permission (id, create_at, update_at, permission_id, role_id) VALUES (29, null, null, 6, 2);
INSERT INTO lic.sys_role_permission (id, create_at, update_at, permission_id, role_id) VALUES (30, null, null, 7, 2);
INSERT INTO lic.sys_role_permission (id, create_at, update_at, permission_id, role_id) VALUES (31, null, null, 8, 2);
INSERT INTO lic.sys_role_permission (id, create_at, update_at, permission_id, role_id) VALUES (32, null, null, 9, 2);
INSERT INTO lic.sys_role_permission (id, create_at, update_at, permission_id, role_id) VALUES (33, null, null, 10, 2);
INSERT INTO lic.sys_role_permission (id, create_at, update_at, permission_id, role_id) VALUES (34, null, null, 11, 2);
INSERT INTO lic.sys_role_permission (id, create_at, update_at, permission_id, role_id) VALUES (35, null, null, 12, 2);
INSERT INTO lic.sys_role_permission (id, create_at, update_at, permission_id, role_id) VALUES (36, null, null, 13, 2);
INSERT INTO lic.sys_role_permission (id, create_at, update_at, permission_id, role_id) VALUES (37, null, null, 14, 2);
INSERT INTO lic.sys_role_permission (id, create_at, update_at, permission_id, role_id) VALUES (38, null, null, 15, 2);
INSERT INTO lic.sys_role_permission (id, create_at, update_at, permission_id, role_id) VALUES (39, null, null, 19, 2);
INSERT INTO lic.sys_role_permission (id, create_at, update_at, permission_id, role_id) VALUES (40, null, null, 20, 2);
INSERT INTO lic.sys_role_permission (id, create_at, update_at, permission_id, role_id) VALUES (41, null, null, 22, 2);
INSERT INTO lic.sys_role_permission (id, create_at, update_at, permission_id, role_id) VALUES (42, null, null, 23, 2);
INSERT INTO lic.sys_role_permission (id, create_at, update_at, permission_id, role_id) VALUES (43, null, null, 24, 2);
INSERT INTO lic.sys_role_permission (id, create_at, update_at, permission_id, role_id) VALUES (44, null, null, 25, 2);
INSERT INTO lic.sys_role_permission (id, create_at, update_at, permission_id, role_id) VALUES (45, '2020-10-11 12:10:30', '2020-10-11 12:10:30', 1, 1);
INSERT INTO lic.sys_role_permission (id, create_at, update_at, permission_id, role_id) VALUES (46, '2020-10-11 12:10:30', '2020-10-11 12:10:30', 2, 1);
INSERT INTO lic.sys_role_permission (id, create_at, update_at, permission_id, role_id) VALUES (47, '2020-10-11 12:10:30', '2020-10-11 12:10:30', 3, 1);
INSERT INTO lic.sys_role_permission (id, create_at, update_at, permission_id, role_id) VALUES (48, '2020-10-11 12:10:30', '2020-10-11 12:10:30', 4, 1);
INSERT INTO lic.sys_role_permission (id, create_at, update_at, permission_id, role_id) VALUES (49, '2020-10-11 12:10:30', '2020-10-11 12:10:30', 6, 1);
INSERT INTO lic.sys_role_permission (id, create_at, update_at, permission_id, role_id) VALUES (50, '2020-10-11 12:10:30', '2020-10-11 12:10:30', 7, 1);
INSERT INTO lic.sys_role_permission (id, create_at, update_at, permission_id, role_id) VALUES (51, '2020-10-11 12:10:30', '2020-10-11 12:10:30', 8, 1);
INSERT INTO lic.sys_role_permission (id, create_at, update_at, permission_id, role_id) VALUES (52, '2020-10-11 12:10:30', '2020-10-11 12:10:30', 9, 1);
INSERT INTO lic.sys_role_permission (id, create_at, update_at, permission_id, role_id) VALUES (53, '2020-10-11 12:10:30', '2020-10-11 12:10:30', 10, 1);
INSERT INTO lic.sys_role_permission (id, create_at, update_at, permission_id, role_id) VALUES (54, '2020-10-11 12:10:30', '2020-10-11 12:10:30', 11, 1);
INSERT INTO lic.sys_role_permission (id, create_at, update_at, permission_id, role_id) VALUES (55, '2020-10-11 12:10:30', '2020-10-11 12:10:30', 12, 1);
INSERT INTO lic.sys_role_permission (id, create_at, update_at, permission_id, role_id) VALUES (56, '2020-10-11 12:10:30', '2020-10-11 12:10:30', 13, 1);
INSERT INTO lic.sys_role_permission (id, create_at, update_at, permission_id, role_id) VALUES (57, '2020-10-11 12:10:30', '2020-10-11 12:10:30', 14, 1);
INSERT INTO lic.sys_role_permission (id, create_at, update_at, permission_id, role_id) VALUES (58, '2020-10-11 12:10:30', '2020-10-11 12:10:30', 15, 1);
INSERT INTO lic.sys_role_permission (id, create_at, update_at, permission_id, role_id) VALUES (59, '2020-10-11 12:10:30', '2020-10-11 12:10:30', 19, 1);
INSERT INTO lic.sys_role_permission (id, create_at, update_at, permission_id, role_id) VALUES (60, '2020-10-11 12:10:30', '2020-10-11 12:10:30', 20, 1);
INSERT INTO lic.sys_role_permission (id, create_at, update_at, permission_id, role_id) VALUES (61, '2020-10-11 12:10:30', '2020-10-11 12:10:30', 22, 1);
INSERT INTO lic.sys_role_permission (id, create_at, update_at, permission_id, role_id) VALUES (62, '2020-10-11 12:10:30', '2020-10-11 12:10:30', 23, 1);
INSERT INTO lic.sys_role_permission (id, create_at, update_at, permission_id, role_id) VALUES (63, '2020-10-11 12:10:30', '2020-10-11 12:10:30', 24, 1);
INSERT INTO lic.sys_role_permission (id, create_at, update_at, permission_id, role_id) VALUES (64, '2020-10-11 12:10:30', '2020-10-11 12:10:30', 25, 1);
INSERT INTO lic.sys_role_permission (id, create_at, update_at, permission_id, role_id) VALUES (65, '2020-10-11 12:10:30', '2020-10-11 12:10:30', 37, 1);
INSERT INTO lic.sys_role_permission (id, create_at, update_at, permission_id, role_id) VALUES (66, '2020-10-11 12:10:30', '2020-10-11 12:10:30', 38, 1);
INSERT INTO lic.sys_role_permission (id, create_at, update_at, permission_id, role_id) VALUES (67, '2020-10-11 12:10:30', '2020-10-11 12:10:30', 39, 1);
INSERT INTO lic.sys_role_permission (id, create_at, update_at, permission_id, role_id) VALUES (68, '2020-10-11 12:10:30', '2020-10-11 12:10:30', 40, 1);
INSERT INTO lic.sys_role_permission (id, create_at, update_at, permission_id, role_id) VALUES (69, '2020-10-11 12:10:30', '2020-10-11 12:10:30', 41, 1);
INSERT INTO lic.sys_role_permission (id, create_at, update_at, permission_id, role_id) VALUES (73, '2020-10-11 12:10:30', '2020-10-11 12:10:30', 43, 1);
INSERT INTO lic.sys_role_permission (id, create_at, update_at, permission_id, role_id) VALUES (74, '2020-10-11 12:10:30', '2020-10-11 12:10:30', 44, 1);
INSERT INTO lic.sys_role_permission (id, create_at, update_at, permission_id, role_id) VALUES (75, '2020-10-11 12:10:30', '2020-10-11 12:10:30', 45, 1);
INSERT INTO lic.sys_role_user (id, create_at, update_at, role_id, user_id) VALUES (1, '2020-12-12 13:44:08', '2020-12-12 13:44:08', 1, 1);
INSERT INTO lic.sys_user (id, create_at, update_at, birthday, email, head_img_url, infinite_capacity, nickname, password, phone, sex, status, telephone, total_capacity, used_capacity, username) VALUES (1, '2020-12-12 13:44:08', '2020-12-27 02:14:53', '2020-12-17 00:00:00', 'bestsort@qq.com', null, true, 'bestsort', '$2a$10$j3wuJCdCurcz185EE49XVe4dIAYqQeQfT2EAoUEXXXCPTRhqTBD26', '13780993667', 0, 1, '', 1367, 0, 'admin');
INSERT INTO lic.t_dict (id, create_at, update_at, k, type, val) VALUES (1, '2017-11-17 09:58:24', '2017-11-18 14:21:05', '0', 'sex', '女');
INSERT INTO lic.t_dict (id, create_at, update_at, k, type, val) VALUES (2, '2017-11-17 10:03:46', '2020-09-14 20:41:15', '1', 'sex', '男');
INSERT INTO lic.t_dict (id, create_at, update_at, k, type, val) VALUES (3, '2017-11-17 16:26:06', '2017-11-17 16:26:09', '0', 'userStatus', '无效');
INSERT INTO lic.t_dict (id, create_at, update_at, k, type, val) VALUES (4, '2017-11-17 16:26:06', '2017-11-17 16:26:09', '1', 'userStatus', '正常');
INSERT INTO lic.t_dict (id, create_at, update_at, k, type, val) VALUES (5, '2017-11-17 16:26:06', '2017-11-17 16:26:09', '2', 'userStatus', '锁定');
INSERT INTO lic.t_dict (id, create_at, update_at, k, type, val) VALUES (6, '2017-11-17 16:26:06', '2017-11-17 16:26:09', '0', 'noticeStatus', '草稿');
INSERT INTO lic.t_dict (id, create_at, update_at, k, type, val) VALUES (7, '2017-11-17 16:26:06', '2017-11-17 16:26:09', '1', 'noticeStatus', '发布');
INSERT INTO lic.t_dict (id, create_at, update_at, k, type, val) VALUES (8, '2017-11-17 16:26:06', '2017-11-17 16:26:09', '0', 'isRead', '未读');
INSERT INTO lic.t_dict (id, create_at, update_at, k, type, val) VALUES (9, '2017-11-17 16:26:06', '2017-11-17 16:26:09', '1', 'isRead', '已读');
INSERT INTO lic.t_notice (id, create_at, update_at, content, status, title) VALUES (2, '2020-10-24 07:52:09', '2020-10-24 07:52:09', '123123', 1, '123123');
INSERT INTO lic.t_notice_read (id, create_at, update_at, notice_id, user_id) VALUES (3, '2020-10-24 07:53:28', '2020-10-24 07:53:28', 2, 1);